commune,evolution
ZONZA,28.5714
YVETOT,66.6667
YERRES,80.0000
WITRYLESREIMS,28.5714
WISSOUS,68.7500
WAVRIN,28.5714
WATTRELOS,28.5714
WATTIGNIES,37.5000
WASQUEHAL,37.5000
VOREPPE,61.5385
VOISINSLEBRETONNEUX,50.0000
VOIRON,54.5455
VIZILLE,54.5455
VIUZENSALLAZ,28.5714
VITRYSURSEINE,84.8485
"VITRY LE FRANCOIS",37.5000
"VIRY CHATILLON",78.2609
VIRY,28.5714
VIROFLAY,70.5882
VINCENNES,91.9355
VINAY,28.5714
VILLIERSSURORGE,44.4444
VILLIERSSURMARNE,61.5385
VILLIERSLEBEL,66.6667
VILLEURBANNE,86.1111
VILLETANEUSE,28.5714
VILLERSSURMER,85.2941
VILLERSCOTTERETS,50.0000
"VILLERS LES NANCY",61.5385
"VILLERS LE LAC",28.5714
VILLEPREUX,37.5000
VILLEPARISIS,72.2222
VILLENOY,58.3333
VILLENNESSURSEINE,28.5714
VILLENEUVESAINTGEORGES,61.5385
VILLENEUVELOUBET,72.2222
VILLENEUVEDASCQ,77.2727
"VILLENAVE D ORNON",68.7500
VILLEMOMBLE,68.7500
VILLEMOISSONSORGE,44.4444
VILLEJUIF,83.3333
VILLEFRANCHESURMER,61.5385
VILLEFRANCHE,80.7692
"VILLEDUBOIS LA",37.5000
VILLECRESNES,37.5000
"VILLEBON SUR YVETTE",37.5000
VILLARS,28.5714
VILLARDDELANS,64.2857
VILLARDBONNOT,37.5000
VILLABE,28.5714
"VIGNEUX SUR SEINE",61.5385
"VIEUX BOUCAULESBAINS",28.5714
VIERZON,50.0000
VIDAUBAN,28.5714
VICLAGARDIOLE,28.5714
VEZINLECOQUET,44.4444
VETRAZMONTHOUX,37.5000
VESOUL,76.1905
"VESINET LE",64.2857
VERTOU,28.5714
VERSAILLES,90.5660
VERRIERESENANJOU,37.5000
"VERRIERES LE BUISSON",28.5714
VERNSURSEICHE,37.5000
VERNOUILLET,44.4444
VERNON,68.7500
"VERNEUIL SUR SEINE",54.5455
VENISSIEUX,54.5455
VENDARGUES,28.5714
VEMARS,28.5714
"VELIZY VILLACOUBLAY",76.1905
VEAUCHE,37.5000
VAUXLEPENIL,28.5714
VAUVERT,28.5714
VAUREAL,44.4444
"VAULX EN VELIN",28.5714
VAUCRESSON,37.5000
VARENNESJARCY,28.5714
VANVES,82.1429
VANNES,28.5714
"VANDOEUVRE LES NANCY",64.2857
VALSLESBAINS,50.0000
VALSERHONE,68.7500
VALRASPLAGE,54.5455
VALOGNES,28.5714
"VALLON PONT DARC",28.5714
VALLOIRE,28.5714
VALLAURIS,88.8889
VALENTON,44.4444
VALENCIENNES,28.5714
VALENCE,80.0000
VALDEBLORE,28.5714
VAISONLAROMAINE,37.5000
"VAIRES SUR MARNE",37.5000
VACQUEYRAS,28.5714
UZES,50.0000
UVERNETFOURS,54.5455
TULLINS,37.5000
TROYES,88.6364
TROUVILLESURMER,84.3750
TRIGNAC,28.5714
"TRIEL SUR SEINE",54.5455
TREILLIERES,37.5000
TRAPPES,80.0000
"TRANCHESURMER LA",44.4444
TOURY,28.5714
TOURS,91.0714
TOURRETTES,28.5714
TOURNONSURRHONE,70.5882
TOURNANENBRIE,28.5714
TOURGEVILLE,68.7500
TOURCOING,70.5882
TOUQUES,44.4444
TOULOUSE,94.0476
TOULON,89.3617
TOUL,61.5385
TORCY,73.6842
TOMBLAINE,28.5714
TINQUEUX,54.5455
TIGERY,28.5714
THYEZ,28.5714
"THORIGNY SUR MARNE",28.5714
THOIRY,61.5385
THIVERNY,28.5714
THIAIS,82.7586
"TERRASSON LAVILLEDIEU",28.5714
TENCIN,28.5714
TAVERNY,73.6842
TASSINLADEMILUNE,64.2857
TARNOS,50.0000
TARBES,28.5714
TARARE,61.5385
TANINGES,44.4444
TALMONTSAINTHILAIRE,64.2857
TALENCE,75.0000
TADEN,37.5000
SURESNES,91.3793
SULLYSURLOIRE,28.5714
SUCYENBRIE,54.5455
STVINCENTDETYROSSE,37.5000
STPAULLESDAX,58.3333
STJULIENENBORN,28.5714
STHERBLAIN,85.7143
STGENISPOUILLY,66.6667
"STE ADRESSE",37.5000
STAINS,50.0000
"ST YRIEIX LA PERCHE",28.5714
"ST SEBASTIEN SUR LOIRE",77.2727
"ST OUEN L AUMONE",79.1667
"ST MAXIMIN LA STE BAUME",28.5714
"ST MAURICE",77.2727
"ST LOUIS DE MONTFERRAND",28.5714
"ST LEU LA FORET",68.7500
"ST JEAN DE LA RUELLE",50.0000
"ST JEAN DE BRAYE",61.5385
"ST JACQUES DE LA LANDE",50.0000
"ST GRATIEN",70.5882
"ST FONS",28.5714
SOYAUX,28.5714
SOUSTONS,44.4444
SOTTEVILLELESROUEN,28.5714
SORGUES,50.0000
SORBIERS,28.5714
SOORTSHOSSEGOR,28.5714
SOMAIN,28.5714
SOLLIESPONT,50.0000
SOISYSURSEINE,44.4444
"SOISY SS MONTMORENCY",44.4444
SOISSONS,75.0000
SIXFOURSLESPLAGES,81.4815
SISTERON,54.5455
"SIN LE NOBLE",28.5714
SIGNES,28.5714
SIGEAN,37.5000
SEYSSINETPARISET,58.3333
SEYNE,50.0000
SEVRES,54.5455
SEVRAN,28.5714
SETE,83.8710
SERRIS,54.5455
SERIGNAN,28.5714
SEREZINDURHONE,28.5714
SENLIS,54.5455
SEILLANS,28.5714
SEIGNOSSE,64.2857
SEGNY,28.5714
SCEAUX,64.2857
SAVIGNYSURORGE,80.0000
SAVIGNYLETEMPLE,73.6842
SAUJON,28.5714
SASSENAGE,68.7500
SARTROUVILLE,77.2727
SARTENE,28.5714
SARROLACARCOPINO,28.5714
SARRIANS,28.5714
SARLATLACANEDA,50.0000
SARCELLES,75.0000
SARAN,28.5714
SAORGE,28.5714
SANNOIS,50.0000
"SANARY SUR MER",77.2727
SALLES,44.4444
SALLANCHES,37.5000
SALAVAS,28.5714
SAINTWITZ,37.5000
SAINTVULBAS,28.5714
SAINTVRAIN,28.5714
SAINTVALERYENCAUX,37.5000
SAINTRYSURSEINE,28.5714
SAINTROMAINDECOLBOSC,58.3333
SAINTREMYLESCHEVREUSE,37.5000
SAINTPRIX,37.5000
SAINTPRIESTENJAREZ,50.0000
SAINTPRIEST,28.5714
SAINTPIERREDUPERRAY,58.3333
SAINTPIERREDUMONT,28.5714
SAINTPIERREDESCORPS,50.0000
SAINTPERAY,44.4444
SAINTPAULTROISCHATEAUX,28.5714
SAINTPAULENJAREZ,28.5714
SAINTPAUL,54.5455
SAINTPATHUS,28.5714
SAINTOUENSURSEINE,83.8710
SAINTNAZAIRE,72.2222
SAINTMICHELSURORGE,78.2609
SAINTMICHELCHEFCHEF,37.5000
SAINTMAURDESFOSSES,88.0952
SAINTMARTINVESUBIE,54.5455
SAINTMARTINLEVINOUX,28.5714
SAINTMARTINDURIAGE,37.5000
SAINTMARTINDHERES,70.5882
SAINTMARTINDERE,28.5714
SAINTMARCELLIN,28.5714
SAINTMANDRIERSURMER,54.5455
SAINTMANDE,82.7586
SAINTMALO,84.3750
SAINTLO,50.0000
SAINTLARYSOULAN,28.5714
SAINTJUSTSAINTRAMBERT,50.0000
SAINTJULIENDECONCELLES,28.5714
SAINTJEANLEBLANC,37.5000
SAINTJEANDEMONTS,77.2727
SAINTJEANCAPFERRAT,37.5000
SAINTJEANBONNEFONDS,28.5714
SAINTISMIER,28.5714
SAINTHILAIREDERIEZ,72.2222
SAINTGREGOIRE,37.5000
SAINTGILLESCROIXDEVIE,44.4444
SAINTGERMAINLESCORBEIL,28.5714
SAINTGERMAINLESARPAJON,44.4444
SAINTGERMAINENLAYE,86.4865
SAINTGEORGESLESBAINS,28.5714
SAINTGEORGESDEDIDONNE,44.4444
SAINTGENISLAVAL,50.0000
SAINTFUSCIEN,28.5714
SAINTFARGEAUPONTHIERRY,58.3333
SAINTETIENNEDETINEE,58.3333
SAINTETIENNEDESAINTGEOIRS,28.5714
SAINTETIENNE,93.9759
SAINTES,58.3333
SAINTELUCESURLOIRE,44.4444
SAINTEGREVE,28.5714
SAINTEGENEVIEVEDESBOIS,68.7500
"SAINTE SAVINE",68.7500
"SAINTE PAZANNE",37.5000
"SAINTE MAXIME",50.0000
"SAINTE FOY LES LYON",44.4444
SAINTDOMINEUC,28.5714
SAINTDENIS,89.7959
SAINTCYRSURMER,68.7500
"SAINTCYRL ECOLE",70.5882
SAINTCYPRIEN,37.5000
SAINTCLOUD,28.5714
SAINTCHAMOND,81.4815
SAINTCASTLEGUILDO,61.5385
SAINTBRIEUC,37.5000
SAINTBRICESOUSFORET,44.4444
SAINTARNOULTENYVELINES,28.5714
SAINTANDREDECUBZAC,54.5455
SAINTANDRE,37.5000
"SAINT TROPEZ",28.5714
"SAINT THIBAULT DES VIGNES",50.0000
"SAINT RAPHAEL",44.4444
"SAINT PIERRE",28.5714
"SAINT MEDARD EN JALLES",50.0000
"SAINT MAX",61.5385
"SAINT MARS D OUTILLE",28.5714
"SAINT LAURENT DU VAR",77.2727
"SAINT JULIEN LES VILLAS",50.0000
"SAINT JEAN D ILLAC",44.4444
"SAINT GERVAIS LES BAINS",54.5455
"SAINT GENEST LERPT",28.5714
"SAINT FRANCOIS LONGCHAMP",28.5714
"SAINT DIE DES VOSGES",54.5455
"SAINT DENIS",78.2609
"SAINT CYR SUR LOIRE",50.0000
"SAINT CYR AU MONT D OR",28.5714
"SAINT CALAIS",28.5714
"SAINT BREVIN LES PINS",73.6842
"SAINT AUBIN DE MEDOC",44.4444
"SAINT ANDRE LES VERGERS",68.7500
SAINBEL,28.5714
SACLAS,28.5714
"SABLESDOLONNE LES",68.7500
"SABLE SUR SARTHE",28.5714
RUPTSURMOSELLE,28.5714
RUNGIS,37.5000
RUELLESURTOUVRE,28.5714
RUEILMALMAISON,92.3077
RUAUDIN,28.5714
ROUEN,89.1304
ROUBAIX,72.2222
ROSNYSOUSBOIS,75.0000
"ROSIERES PRES TROYES",37.5000
ROQUEVAIRE,50.0000
"ROQUEFORT LA BEDOULE",28.5714
ROQUEBRUNESURARGENS,44.4444
"ROQUEBRUNE CAP MARTIN",82.1429
ROMORANTINLANTHENAY,28.5714
"ROMILLY SUR SEINE",37.5000
ROMANSSURISERE,61.5385
ROISSYENFRANCE,28.5714
ROISSYENBRIE,58.3333
ROINVILLESOUSDOURDAN,28.5714
ROCHELAMOLIERE,64.2857
ROCHEFORT,54.5455
"ROCHE SUR YON LA",85.2941
ROANNE,70.5882
RIVESENSEINE,37.5000
RIVES,37.5000
RIVEDEGIER,28.5714
RISORANGIS,66.6667
RIORGES,28.5714
RILLIEUXLAPAPE,70.5882
REZE,83.8710
RENNES,95.1923
REMIREMONT,75.0000
REIMS,92.9577
REAU,44.4444
RANTIGNY,28.5714
RAMBOUILLET,73.6842
QUISSAC,28.5714
QUINCYVOISINS,28.5714
QUINCYSOUSSENART,37.5000
QUINCIEUX,28.5714
QUIBERON,54.5455
QUEND,50.0000
PUTEAUX,89.7959
PUSSAY,44.4444
PUILBOREAU,37.5000
PUGETSURARGENS,28.5714
PROPRIANO,50.0000
PRIVAS,44.4444
PRINGY,37.5000
PREVESSINMOENS,54.5455
PRESLESENBRIE,28.5714
"PRAZ SUR ARLY",28.5714
PORTOVECCHIO,37.5000
"PORTMARLY LE",28.5714
PORTLANOUVELLE,72.2222
"PORTES LES VALENCE",37.5000
PORNICHET,66.6667
PORNIC,50.0000
PONTOISE,80.0000
"PONTL EVEQUE",28.5714
PONTIVY,58.3333
PONTCARRE,28.5714
"PONTAULT COMBAULT",76.1905
PONTARLIER,54.5455
"PONT STE MAXENCE",54.5455
"PONT A MOUSSON",28.5714
POITIERS,78.2609
POISSY,73.6842
POINCY,28.5714
PLOEMEUR,37.5000
PLEURTUIT,28.5714
"PLESSISBOUCHARD LE",44.4444
PLANCOET,28.5714
"PLAN DE CUQUES",54.5455
PLAISIR,73.6842
PIETROSELLA,28.5714
PIERRELAYE,54.5455
PIERRELATTE,37.5000
PIERREFITTESURSEINE,54.5455
"PIERRE BENITE",44.4444
PHALEMPIN,37.5000
PEZENAS,37.5000
PEYREHORADE,28.5714
"PETIT QUEVILLY LE",28.5714
PESSAC,81.4815
PERTUIS,50.0000
PERSAN,28.5714
"PERRAYENYVELINES LE",37.5000
PERPIGNAN,44.4444
PERON,28.5714
PERIGUEUX,70.5882
PERIGNY,54.5455
PEONE,37.5000
PELUSSIN,37.5000
"PECQ LE",61.5385
PAU,83.8710
PARTHENAY,28.5714
PARMAIN,44.4444
"PARIS 16",89.1304
"PARIS 15",94.8454
"PARIS 14",96.4286
"PARIS 12",93.9024
"PARIS 11",95.6897
"PARIS 10",94.8454
"PARIS 09",93.7500
"PARIS 08",93.3333
"PARIS 07",92.0635
"PARIS 06",92.7536
"PARIS 05",89.1304
"PARIS 03",94.6237
"PARIS 01",86.8421
PAREMPUYRE,44.4444
PARAYVIEILLEPOSTE,37.5000
PANTIN,64.2857
PALAVASLESFLOTS,44.4444
PALAISEAU,78.2609
PAIMBOEUF,37.5000
PACE,37.5000
"OZOIR LA FERRIERE",66.6667
OYONNAX,44.4444
OULLINS,64.2857
OSNY,44.4444
ORVAULT,44.4444
ORTHEZ,44.4444
ORSAY,50.0000
"ORRY LA VILLE",28.5714
ORNEX,37.5000
ORNANS,37.5000
ORMOYLARIVIERE,28.5714
ORLY,64.2857
ORLEANS,91.0714
ORGEVAL,44.4444
ORGERES,28.5714
ORCIERES,44.4444
ORANGE,70.5882
ONNION,28.5714
ONDRES,28.5714
OLLIOULES,58.3333
OLIVET,70.5882
NOZAY,28.5714
NOYALCHATILLONSURSEICHE,28.5714
NOTREDAMEDEMONTS,28.5714
NOISYLESEC,28.5714
NOISYLEGRAND,85.2941
"NOISY LE ROI",28.5714
NOISIEL,50.0000
NOIRMOUTIERENLILE,37.5000
NOGENTSURMARNE,86.1111
"NOGENT SUR OISE",44.4444
NIORT,72.2222
NIMES,93.1507
NICE,97.1264
NEVERS,28.5714
"NEUVILLE SUR SAONE",50.0000
NEUILLYSURSEINE,93.4211
NEUILLYSURMARNE,72.2222
NEUILLYPLAISANCE,64.2857
NEMOURS,64.2857
NEAUPHLELECHATEAU,50.0000
NARBONNE,91.9355
NANTUA,28.5714
NANTES,96.8553
NANTERRE,89.1304
NANDY,37.5000
NANCY,88.8889
MURSERIGNE,28.5714
MOUTHE,28.5714
MOURSSAINTEUSEBE,28.5714
MOURENX,37.5000
MOUGINS,78.2609
MOUANSSARTOUX,37.5000
MORTEAU,50.0000
MORSANGSURORGE,64.2857
MORNAS,28.5714
MORIGNYCHAMPIGNY,28.5714
"MORIERES LES AVIGNON",37.5000
MORETLOINGETORVANNE,61.5385
MORANGIS,58.3333
MONTSOULT,44.4444
MONTSAINTAIGNAN,44.4444
MONTROUGE,87.5000
MONTRONDLESBAINS,28.5714
MONTREUIL,88.6364
MONTPELLIER,89.1304
MONTOIRDEBRETAGNE,28.5714
MONTMORENCY,66.6667
MONTMAGNY,61.5385
MONTLIGNON,28.5714
MONTLHERY,54.5455
MONTIVILLIERS,50.0000
"MONTIGNY LES CORMEILLES",44.4444
"MONTIGNY LE BRETONNEUX",76.1905
"MONTIGNY EN GOHELLE",28.5714
MONTGERON,61.5385
"MONTFORTL AMAURY",28.5714
MONTFERMEIL,37.5000
MONTEVRAIN,70.5882
MONTESSON,54.5455
"MONTEREAU FAULT YONNE",73.6842
MONTELIMAR,64.2857
MONTDEMARSAN,50.0000
MONTBRISON,72.2222
MONTATAIRE,37.5000
MONTAIGUVENDEE,44.4444
"MONS EN BAROEUL",44.4444
MOLIETSETMAA,28.5714
MOISSYCRAMAYEL,37.5000
"MITRY MORY",44.4444
MIOS,28.5714
MIONS,28.5714
MIMIZAN,50.0000
MILLYLAFORET,58.3333
MILHAUD,28.5714
MIGNALOUXBEAUVOIR,28.5714
MEZIERESSURSEINE,28.5714
MEZE,37.5000
MEYZIEU,44.4444
MEYLAN,44.4444
MEULANENYVELINES,64.2857
MEUDON,58.3333
"MESNILSAINTDENIS LE",28.5714
MERYSUROISE,37.5000
MERIGNAC,85.2941
MERIEL,37.5000
MENUCOURT,61.5385
MENTON,90.5660
MENNECY,58.3333
MELUN,80.7692
MEGEVE,37.5000
MEAUX,83.8710
MAYENNE,37.5000
MAUREPAS,77.2727
MAUGUIO,37.5000
MAUBEUGE,28.5714
MASSY,81.4815
MARYSURMARNE,28.5714
"MARTIGNAS SUR JALLE",37.5000
"MARSEILLE 9EME",88.3721
"MARSEILLE 8EME",92.6471
"MARSEILLE 7EME",87.5000
"MARSEILLE 6EME",85.2941
"MARSEILLE 5EME",82.7586
"MARSEILLE 4EME",89.1304
"MARSEILLE 3EME",76.1905
"MARSEILLE 2EME",81.4815
"MARSEILLE 1ER",85.7143
"MARSEILLE 15EME",68.7500
"MARSEILLE 14EME",72.2222
"MARSEILLE 13EME",92.1875
"MARSEILLE 12EME",91.0714
"MARSEILLE 11EME",85.2941
"MARSEILLE 10EME",83.3333
MARSEILLAN,54.5455
MAROLLESENHUREPOIX,37.5000
MARLYLEROI,66.6667
MARLY,28.5714
MARINES,28.5714
"MARGNY LES COMPIEGNE",28.5714
MARGENCY,28.5714
"MARCQ EN BAROEUL",58.3333
MARCOUSSIS,28.5714
MANTESLAVILLE,44.4444
MANTESLAJOLIE,66.6667
MANOSQUE,66.6667
MANIGOD,44.4444
MANDRESLESROSES,37.5000
MANDELIEULANAPOULE,37.5000
MALAUCENE,37.5000
MALAKOFF,76.1905
MAISONSLAFFITTE,61.5385
MAISONSALFORT,80.7692
MAINVILLIERS,50.0000
MAGNYLESHAMEAUX,44.4444
MAGNYENVEXIN,37.5000
MACON,37.5000
"LYS LEZ LANNOY",50.0000
"LYON 9EME",88.0952
"LYON 8EME",37.5000
"LYON 7EME",61.5385
"LYON 5EME",85.2941
"LYON 4EME",86.4865
"LYON 3EME",70.5882
"LYON 2EME",84.3750
"LYON 1ER",88.8889
LUZARCHES,28.5714
LUNEVILLE,54.5455
LUNEL,54.5455
LUCON,28.5714
LUCERAM,28.5714
LUCE,44.4444
LOUVRES,28.5714
LOUVECIENNES,66.6667
LOURDES,37.5000
"LOROUXBOTTEREAU LE",28.5714
LORMONT,66.6667
LORIENT,75.0000
LORGUES,37.5000
LORETTE,28.5714
LOOS,64.2857
LONS,37.5000
LONGPONTSURORGE,50.0000
LONGPERRIER,37.5000
LONGJUMEAU,77.2727
LOGNES,50.0000
LIVRYGARGAN,50.0000
"LIVRON SUR DROME",28.5714
LISSES,37.5000
LISLEADAM,72.2222
LISIEUX,73.6842
LINAS,54.5455
LIMOURS,28.5714
LIMOGES,89.1304
LIMEILBREVANNES,66.6667
LILLEBONNE,37.5000
LILLE,92.8571
LILESAINTDENIS,44.4444
LIEUSAINT,58.3333
LHAYLESROSES,75.0000
LEZIGNANCORBIERES,37.5000
LEVENS,44.4444
LEVALLOISPERRET,93.9759
LEUVILLESURORGE,28.5714
LEUCATE,85.7143
LESIGNY,64.2857
LESCARENE,28.5714
"LES ULIS",50.0000
"LES PONTS DE CE",37.5000
"LES PAVILLONSSOUSBOIS",28.5714
"LES LILAS",61.5385
"LES DEUX ALPES",73.6842
"LES CONTAMINES MONTJOIE",37.5000
"LES BELLEVILLE",28.5714
"LES ARCS",44.4444
"LES ANGLES",37.5000
LEON,28.5714
LEOGNAN,44.4444
LENTILLY,28.5714
LEGECAPFERRET,72.2222
"LE THOR",44.4444
"LE THILLAY",28.5714
"LE TEICH",54.5455
"LE TAILLAN MEDOC",28.5714
"LE RAINCY",70.5882
"LE PRADET",37.5000
"LE PONTET",37.5000
"LE PONTDECLAIX",28.5714
"LE PLESSISTREVISE",58.3333
"LE PLESSISROBINSON",68.7500
"LE PLESSIS PATE",44.4444
"LE PLESSIS BELLEVILLE",28.5714
"LE PIN",28.5714
"LE PERREUXSURMARNE",86.8421
"LE PASSAGE",44.4444
"LE PALAIS",28.5714
"LE MANS",82.1429
"LE LAVANDOU",73.6842
"LE KREMLINBICETRE",72.2222
"LE HAVRE",90.9091
"LE HAILLAN",28.5714
"LE GRAU DU ROI",88.8889
"LE DEVOLUY",50.0000
"LE CROTOY",37.5000
"LE CREUSOT",50.0000
"LE COUDRAY",37.5000
"LE CHESNAYROCQUENCOURT",70.5882
"LE CHAMBONFEUGEROLLES",44.4444
"LE CASTELLET",28.5714
"LE CANNET",89.5833
"LE BOUSCAT",58.3333
"LE BOURGET",54.5455
"LE BOURGDOISANS",28.5714
"LE BEAUSSET",66.6667
"LE BARP",28.5714
LAYRAC,28.5714
LAVOULTESURRHONE,37.5000
LAVAL,64.2857
LARDY,37.5000
LAON,70.5882
LANGON,37.5000
LANESTER,28.5714
LANDERNEAU,28.5714
LAMORLAYE,44.4444
LAMBERSART,37.5000
LAIGNEVILLE,28.5714
LAGNYSURMARNE,61.5385
LAGNIEU,44.4444
LAFOX,28.5714
LACANAU,72.2222
"LA VALETTE DU VAR",54.5455
"LA TURBIE",37.5000
"LA TRINITE SUR MER",28.5714
"LA TRINITE",64.2857
"LA TESTEDEBUCH",54.5455
"LA SEYNE SUR MER",82.7586
"LA ROQUETTE SUR VAR",28.5714
"LA ROQUETTE SUR SIAGNE",54.5455
"LA ROCHELLE",89.7959
"LA ROCHE SUR FORON",37.5000
"LA RICHE",50.0000
"LA RICAMARIE",44.4444
"LA QUEUEENBRIE",50.0000
"LA POSSESSION",28.5714
"LA PLAGNE TARENTAISE",44.4444
"LA PENNE SUR HUVEAUNE",37.5000
"LA MADELEINE",70.5882
"LA LONDE LES MAURES",72.2222
"LA GRANDE MOTTE",68.7500
"LA GRANDCROIX",28.5714
"LA GRAND COMBE",28.5714
"LA GARENNECOLOMBES",68.7500
"LA GARDE",70.5882
"LA FERTE SOUS JOUARRE",37.5000
"LA FERTE BERNARD",37.5000
"LA FARLEDE",50.0000
"LA DESTROUSSE",37.5000
"LA CRAU",58.3333
"LA COURNEUVE",54.5455
"LA COLLE SUR LOUP",37.5000
"LA CIOTAT",90.1961
"LA CHAPELLE ST MESMIN",44.4444
"LA CHAPELLE ST LUC",54.5455
"LA BUISSE",28.5714
"LA BRESSE",50.0000
"LA BERNERIE EN RETZ",37.5000
"L UNION",37.5000
"L ISLE SUR LA SORGUE",54.5455
"L ISLE JOURDAIN",28.5714
"JUVISY SUR ORGE",73.6842
JOUYLEMOUTIER,44.4444
"JOUY EN JOSAS",58.3333
"JOUE LES TOURS",70.5882
JOINVILLELEPONT,68.7500
JAUSIERS,37.5000
JARNY,28.5714
IVRYSURSEINE,80.0000
ITTEVILLE,28.5714
ISSYLESMOULINEAUX,88.0952
ISSOIRE,50.0000
ISOLA,50.0000
ISLE,37.5000
IRIGNY,28.5714
INDRE,50.0000
IGNY,37.5000
HYERES,89.3617
HUEZ,78.2609
HOULGATE,79.1667
HOUILLES,54.5455
HONFLEUR,75.0000
HERBLAYSURSEINE,37.5000
"HERBIERS LES",28.5714
HENNEBONT,44.4444
HAUBOURDIN,44.4444
HARFLEUR,37.5000
HANCHES,28.5714
GUYANCOURT,70.5882
"GUJAN MESTRAS",68.7500
GUILHERANDGRANGES,72.2222
GUIGNEVILLE,37.5000
GUIGNES,37.5000
GUIDEL,50.0000
GRUISSAN,86.1111
GROSSETOPRUGNA,50.0000
GROSLAY,50.0000
GRIMAUD,28.5714
GRIGNY,54.5455
GRETZARMAINVILLIERS,28.5714
GRESSEENVERCORS,54.5455
GREOUXLESBAINS,64.2857
GRENOBLE,92.1875
GREASQUE,37.5000
GRANVILLE,61.5385
GRADIGNAN,58.3333
GOUVIEUX,37.5000
GOUSSAINVILLE,44.4444
GOURNAYENBRAY,37.5000
"GOURNAY SUR MARNE",50.0000
GORBIO,28.5714
"GONFREVILLE L ORCHER",28.5714
GONESSE,58.3333
GIVORS,44.4444
GILETTE,28.5714
"GIF SUR YVETTE",61.5385
GIERES,28.5714
GIEN,54.5455
GEX,61.5385
GESTEL,28.5714
GERARDMER,37.5000
GENTILLY,68.7500
GENNEVILLIERS,58.3333
GENAS,28.5714
GARGESLESGONESSE,70.5882
GARCHES,37.5000
GAP,44.4444
GALLUIS,28.5714
GAILLARD,37.5000
GAGNY,81.4815
FROUARD,28.5714
FRONTIGNAN,54.5455
FROGES,28.5714
FRESNES,80.0000
FREJUS,54.5455
FREHEL,54.5455
"FRANCONVILLE LA GARENNE",82.1429
FRANCHEVILLE,54.5455
FORTMAHONPLAGE,50.0000
FORCALQUIER,66.6667
"FONTROMEU ODEILLOVIA",44.4444
FONTENAYTRESIGNY,37.5000
FONTENAYSOUSBOIS,86.4865
FONTENAYLECOMTE,61.5385
FONTENAYAUXROSES,72.2222
"FONTENAY LE FLEURY",58.3333
"FONTAINES SUR SAONE",28.5714
FONTAINEBLEAU,77.2727
FONTAINE,68.7500
FOIX,28.5714
FLOIRAC,58.3333
"FLEURY LES AUBRAIS",50.0000
"FLEURY D AUDE",78.2609
"FITZ JAMES",28.5714
FIRMINY,58.3333
FEURS,37.5000
"FERTEALAIS LA",28.5714
FERNEYVOLTAIRE,66.6667
FECAMP,78.2609
FAVERGESSEYTHENEX,37.5000
"FAUTESURMER LA",44.4444
"FARGUES SAINT HILAIRE",37.5000
"FACHES THUMESNIL",44.4444
"EZY SUR EURE",37.5000
EZANVILLE,54.5455
EYSINES,58.3333
EYBENS,58.3333
EVRYCOURCOURONNES,87.1795
EVREUX,83.3333
ETRETAT,28.5714
ETRECHY,37.5000
ETIOLLES,44.4444
ETAMPES,88.6364
"ESSEY LES NANCY",58.3333
"ESSARTSLEROI LES",58.3333
ESBLY,44.4444
ERMONT,75.0000
ERAGNYSUROISE,66.6667
EPINAYSOUSSENART,54.5455
"EPINAY SUR SEINE",80.0000
"EPINAY SUR ORGE",28.5714
EPERNON,50.0000
EPERNAY,82.7586
ENTRECASTEAUX,28.5714
"ENGHIEN LES BAINS",68.7500
ENCHASTRAYES,44.4444
ELBEUF,28.5714
ELANCOURT,70.5882
EGLY,28.5714
ECULLY,44.4444
ECOUEN,64.2857
ECHIROLLES,64.2857
ECHENEVEX,28.5714
EAUBONNE,54.5455
DRAVEIL,61.5385
DRAP,28.5714
DRANCY,44.4444
DRAGUIGNAN,58.3333
DOUSSARD,28.5714
DOURDAN,68.7500
DOULLENS,28.5714
DOUBS,37.5000
DOUAI,72.2222
DONVILLELESBAINS,28.5714
DOMONT,72.2222
DOMMARTINLESTOUL,28.5714
DOMENE,28.5714
DIVONNELESBAINS,54.5455
DIVESSURMER,54.5455
DINARD,64.2857
DINAN,81.4815
DIGNELESBAINS,72.2222
"DEUIL LA BARRE",79.1667
DECINESCHARPIEU,28.5714
DEAUVILLE,83.3333
DAX,72.2222
DARDILLY,37.5000
DAMMARTINENGOELE,50.0000
"DAMMARIE LES LYS",58.3333
CULOZ,37.5000
CUERS,50.0000
CROSNE,58.3333
CROIX,66.6667
CROISSYBEAUBOURG,28.5714
"CROISSY SUR SEINE",50.0000
CRETEIL,83.3333
"CREPY EN VALOIS",61.5385
CREIL,70.5882
"CRECY LA CHAPELLE",37.5000
CRAPONNE,44.4444
COUZEIX,28.5714
COURTRY,28.5714
COURDIMANCHE,44.4444
COURBEVOIE,95.2381
COULOMMIERS,66.6667
COUERON,28.5714
"COUDRAYMONTCEAUX LE",44.4444
COUBERT,28.5714
CORRENCONENVERCORS,37.5000
CORMEILLESENPARISIS,50.0000
CORBIE,28.5714
"CORBEIL ESSONNES",84.8485
CONTES,28.5714
"CONFLANS SAINTE HONORINE",79.1667
COMPIEGNE,73.6842
"COMBS LA VILLE",64.2857
COLOMBES,72.2222
"COLLONGESAUMONT D OR",28.5714
COGOLIN,28.5714
"COEUVRES ET VALSERY",28.5714
"CLICHY SOUS BOIS",44.4444
CLICHY,90.5660
"CLERMONT L HERAULT",37.5000
CLERMONT,50.0000
"CLAYESSOUSBOIS LES",50.0000
CLAYESOUILLY,58.3333
CLAMART,81.4815
CLAIX,37.5000
CHOISYLEROI,81.4815
"CHILLY MAZARIN",54.5455
CHEVRYCOSSIGNY,37.5000
CHEVRY,37.5000
CHEVREUSE,28.5714
CHEVILLYLARUE,61.5385
CHESSY,44.4444
CHERBOURGENCOTENTIN,75.0000
"CHENNEVIERES SUR MARNE",50.0000
CHELLES,82.7586
"CHAZELLES SUR LYON",37.5000
CHAVILLE,44.4444
CHAUNY,28.5714
CHATOU,70.5882
CHATILLON,78.2609
CHATENAYMALABRY,77.2727
CHATELLERAULT,37.5000
"CHATELETENBRIE LE",37.5000
CHATELAILLONPLAGE,28.5714
"CHATEAUNEUF S LOIRE",28.5714
CHATEAUDUN,50.0000
CHATEAUARNOUXSAINTAUBAN,37.5000
CHARTRESDEBRETAGNE,50.0000
CHARTRES,90.0000
CHAROLLES,28.5714
CHARLEVILLEMEZIERES,58.3333
CHARENTONLEPONT,78.2609
CHARBONNIERESLESBAINS,37.5000
"CHAPELLESURERDRE LA",44.4444
CHANTONNAY,37.5000
CHANTILLY,70.5882
CHANTEPIE,50.0000
"CHANTELOUP EN BRIE",37.5000
CHAMROUSSE,28.5714
CHAMPSSURMARNE,61.5385
CHAMPIGNYSURMARNE,80.7692
CHAMPIGNEULLES,37.5000
"CHAMPAGNE SUROISE",28.5714
"CHAMPAGNE SUR SEINE",37.5000
"CHAMONIX MONT BLANC",54.5455
"CHAMBRAY LES TOURS",28.5714
CHAMBLY,28.5714
CHAMBERY,54.5455
CHAMARANDE,28.5714
CHALONSURSAONE,61.5385
"CHALONS EN CHAMPAGNE",80.0000
CHALLANS,54.5455
CESSY,37.5000
CESSONSEVIGNE,44.4444
CESSON,58.3333
CERNY,28.5714
CERGY,82.7586
CENON,70.5882
"CELLESAINTCLOUD LA",64.2857
CAZAUBON,37.5000
CAYEUXSURMER,28.5714
CAVALAIRESURMER,37.5000
CAVAILLON,72.2222
CAUTERETS,37.5000
CAURO,28.5714
CAUDRY,28.5714
CASTELNAUDARY,37.5000
"CASTELNAU LE LEZ",44.4444
CASTELLANE,28.5714
CASTELJALOUX,28.5714
CASTELGINEST,44.4444
CASSIS,73.6842
CASAGLIONE,28.5714
"CARRIERES SUR SEINE",44.4444
"CARRIERES SOUS POISSY",75.0000
CARQUEIRANNE,70.5882
CARQUEFOU,61.5385
CARPENTRAS,50.0000
CARNOUXENPROVENCE,54.5455
CARNAC,61.5385
CARCASSONNE,80.0000
"CARBON BLANC",50.0000
"CAPD AIL",44.4444
CAPBRETON,64.2857
CANNESECLUSE,28.5714
CANNES,58.3333
"CANET EN ROUSSILLON",44.4444
CANCALE,44.4444
CAMON,28.5714
CAMBRAI,28.5714
CALVISSON,50.0000
"CALUIRE ET CUIRE",80.0000
CALLIAN,28.5714
"CAGNES SUR MER",81.4815
CAEN,44.4444
CADAUJAC,50.0000
CACHAN,82.7586
BUSSYSAINTGEORGES,73.6842
BUSSANG,28.5714
"BURES SUR YVETTE",37.5000
BUC,28.5714
BRYSURMARNE,61.5385
BRUZ,54.5455
BRUYERESLECHATEL,28.5714
BRUNOY,72.2222
BRUGES,58.3333
BROUSURCHANTEREINE,28.5714
BRIGNOLES,37.5000
BRIGNAIS,44.4444
BRIERESLESSCELLES,28.5714
"BRIE COMTE ROBERT",70.5882
"BRETIGNY SUR ORGE",73.6842
BRETIGNOLLESSURMER,44.4444
BREST,68.7500
BOUTIGNYSURESSONNE,28.5714
BOUSSYSAINTANTOINE,66.6667
BOURGUEIL,28.5714
BOURGSAINTANDEOL,50.0000
BOURGLAREINE,72.2222
BOURGES,89.3617
BOURGDEPEAGE,50.0000
"BOURG LES VALENCE",54.5455
BOULOGNEBILLANCOURT,88.6364
"BOULAZAC ISLE MANOIRE",28.5714
BOUILLARGUES,28.5714
BOUGUENAIS,54.5455
BOUGIVAL,58.3333
BOUFFEMONT,50.0000
BOUAYE,28.5714
BORMESLESMIMOSAS,44.4444
BORDEAUX,96.0938
"BORAN SUR OISE",28.5714
BONNIERESSURSEINE,37.5000
BONNEUILSURMARNE,54.5455
BONNEUILENFRANCE,37.5000
BONIFACIO,37.5000
BONDY,50.0000
BONDOUFLE,44.4444
BOLQUERE,37.5000
BOLLENE,37.5000
BOISSYSOUSSAINTYON,37.5000
BOISSYSAINTLEGER,61.5385
BOISCOLOMBES,66.6667
"BOIS LE ROI",28.5714
"BOIS D ARCY",76.1905
BOENSURLIGNON,28.5714
BOBIGNY,28.5714
BLONVILLESURMER,61.5385
BLOIS,44.4444
BLANQUEFORT,28.5714
BLAIN,28.5714
BISCARROSSE,66.6667
BIOT,54.5455
BILLERE,58.3333
BIGANOS,54.5455
BEZIERS,80.7692
BEYNES,28.5714
BEUIL,28.5714
BETTON,37.5000
BETHUNE,58.3333
BETHENY,28.5714
BESSEGES,28.5714
BESSEETSAINTANASTAISE,28.5714
BESSANCOURT,44.4444
BESANCON,68.7500
BERGERAC,68.7500
BENERVILLESURMER,37.5000
BELLEY,50.0000
BELLEVILLEENBEAUJOLAIS,28.5714
BEGLES,79.1667
BEDOIN,37.5000
BEAUVAIS,37.5000
BEAUSSAISSURMER,28.5714
BEAUSOLEIL,68.7500
BEAUMONTSUROISE,68.7500
"BEAULIEU SUR MER",50.0000
BEAUCHAMP,44.4444
BASSENS,37.5000
BARSAC,28.5714
"BARREDEMONTS LA",28.5714
BARNEVILLECARTERET,37.5000
BARJOLS,28.5714
BARGEMON,28.5714
BARCELONNETTE,44.4444
BARBATRE,28.5714
BANDOL,83.3333
BALLANCOURTSURESSONNE,28.5714
"BALLAN MIRE",28.5714
BALLAINVILLIERS,50.0000
"BALARUC LES BAINS",72.2222
BAILLETENFRANCE,37.5000
"BAGNOLS SUR CEZE",37.5000
BAGNOLET,50.0000
"BAGNOLES DE LORNE NORMANDIE",28.5714
BAGNEUX,72.2222
AYTRE,44.4444
AVRILLE,50.0000
AVON,78.2609
AVIGNON,87.5000
AUXERRE,66.6667
AUVERSSUROISE,44.4444
AUTUN,44.4444
"AUTRANSMEAUDRE EN VERCORS",28.5714
AURIS,28.5714
AURIOL,64.2857
AURAY,50.0000
AUNEAUBLEURYSAINTSYMPHORIEN,44.4444
"AULNAY SOUS BOIS",37.5000
AUDENGE,37.5000
AUCH,44.4444
AUCAMVILLE,28.5714
AUBORD,28.5714
AUBERVILLIERS,88.0952
AUBENAS,61.5385
AUBAGNE,83.8710
"ATHIS MONS",79.1667
ASNIERESSURSEINE,85.2941
ARTIGUESPRESBORDEAUX,37.5000
ARRAS,85.2941
ARPAJON,75.0000
ARNOUVILLE,54.5455
ARMENTIERES,37.5000
ARLES,37.5000
ARGENTEUIL,64.2857
"ARGELES SUR MER",44.4444
ARES,61.5385
ARCUEIL,75.0000
ARCACHON,86.1111
"ARACHES LA FRASSE",28.5714
APT,50.0000
ANTONY,79.1667
ANTIBES,94.7917
ANSE,28.5714
ANNONAY,75.0000
ANNETSURMARNE,28.5714
ANNEMASSE,44.4444
ANNECY,82.7586
ANGRESSE,28.5714
ANGOULEME,64.2857
ANGERS,92.4242
ANDREZIEUXBOUTHEON,54.5455
ANDRESY,44.4444
ANDERNOSLESBAINS,68.7500
ANCENISSAINTGEREON,28.5714
AMIENS,89.7959
"AMELIE LES BAINS",58.3333
AMBERIEUENBUGEY,64.2857
AMBARESETLAGRAVE,37.5000
ALLOS,68.7500
ALLONNES,28.5714
ALLEVARD,28.5714
ALLAUCH,73.6842
ALFORTVILLE,84.8485
ALES,50.0000
ALENCON,37.5000
ALBIGNYSURSAONE,37.5000
AJACCIO,88.6364
"AIX LES BAINS",50.0000
AIRESURLADOUR,37.5000
AIGUESMORTES,61.5385
AGNEAUX,28.5714
AGEN,83.8710
AGDE,86.1111
ACIGNE,28.5714
ACHICOURT,28.5714
ACHERES,68.7500
ABLONSURSEINE,37.5000
ABBEVILLE,28.5714
